<?xml version="1.0" encoding="UTF-8"?>
<project-private xmlns="http://www.netbeans.org/ns/project-private/1">
    <editor-bookmarks xmlns="http://www.netbeans.org/ns/editor-bookmarks/2" lastBookmarkId="0"/>
    <open-files xmlns="http://www.netbeans.org/ns/projectui-open-files/2">
        <group>
            <file>file:/Users/younghoonkim/Documents/KOSTA_Git/KOSTA_MAC/Java/NetBeans/Semi_Project/src/POJO/Reservation.java</file>
            <file>file:/Users/younghoonkim/Documents/KOSTA_Git/KOSTA_MAC/Java/NetBeans/Semi_Project/src/Class/Server.java</file>
            <file>file:/Users/younghoonkim/Documents/KOSTA_Git/KOSTA_MAC/Java/NetBeans/Semi_Project/src/Interface/HandleData.java</file>
            <file>file:/Users/younghoonkim/Documents/KOSTA_Git/KOSTA_MAC/Java/NetBeans/Semi_Project/src/Class/DateLabelFormatter.java</file>
            <file>file:/Users/younghoonkim/Documents/KOSTA_Git/KOSTA_MAC/Java/NetBeans/Semi_Project/src/Class/ServerThread.java</file>
            <file>file:/Users/younghoonkim/Documents/KOSTA_Git/KOSTA_MAC/Java/NetBeans/Semi_Project/src/Interface/Error.java</file>
            <file>file:/Users/younghoonkim/Documents/KOSTA_Git/KOSTA_MAC/Java/NetBeans/Semi_Project/src/Data/member.json</file>
            <file>file:/Users/younghoonkim/Documents/KOSTA_Git/KOSTA_MAC/Java/NetBeans/Semi_Project/src/Class/DataInput.java</file>
            <file>file:/Users/younghoonkim/Documents/KOSTA_Git/KOSTA_MAC/Java/NetBeans/Semi_Project/src/GUI/Grace_GUI.java</file>
            <file>file:/Users/younghoonkim/Documents/KOSTA_Git/KOSTA_MAC/Java/NetBeans/Semi_Project/src/Data/reservation.txt</file>
            <file>file:/Users/younghoonkim/Documents/KOSTA_Git/KOSTA_MAC/Java/NetBeans/Semi_Project/src/Data/member.txt</file>
            <file>file:/Users/younghoonkim/Documents/KOSTA_Git/KOSTA_MAC/Java/NetBeans/Semi_Project/src/Interface/ServiceInter.java</file>
            <file>file:/Users/younghoonkim/Documents/KOSTA_Git/KOSTA_MAC/Java/NetBeans/Semi_Project/src/Class/HandleReservation.java</file>
            <file>file:/Users/younghoonkim/Documents/KOSTA_Git/KOSTA_MAC/Java/NetBeans/Semi_Project/src/Class/Service.java</file>
            <file>file:/Users/younghoonkim/Documents/KOSTA_Git/KOSTA_MAC/Java/NetBeans/Semi_Project/nbproject/build-impl.xml</file>
            <file>file:/Users/younghoonkim/Documents/KOSTA_Git/KOSTA_MAC/Java/NetBeans/Semi_Project/src/Class/DataCheck.java</file>
        </group>
    </open-files>
</project-private>
