<?xml version="1.0" encoding="UTF-8"?>
<project-private xmlns="http://www.netbeans.org/ns/project-private/1">
    <editor-bookmarks xmlns="http://www.netbeans.org/ns/editor-bookmarks/2" lastBookmarkId="0"/>
    <open-files xmlns="http://www.netbeans.org/ns/projectui-open-files/2">
        <group>
            <file>file:/Users/younghoonkim/Documents/KOSTA_Git/KOSTA_MAC/Java/NetBeans/Semi_Project/src/GUI/Info_GUI.java</file>
            <file>file:/Users/younghoonkim/Documents/KOSTA_Git/KOSTA_MAC/Java/NetBeans/Semi_Project/src/Class/Server.java</file>
            <file>file:/Users/younghoonkim/Documents/KOSTA_Git/KOSTA_MAC/Java/NetBeans/Semi_Project/src/GUI/Grace_GUI.java</file>
            <file>file:/Users/younghoonkim/Documents/KOSTA_Git/KOSTA_MAC/Java/NetBeans/Semi_Project/src/Class/Service.java</file>
        </group>
    </open-files>
</project-private>
